{
  "ginza:渋谷": [
    35.6594486,
    139.7039987
  ],
  "marunouchi:新宿": [
    35.6896,
    139.7006
  ],
  "yamanote:新宿": [
    35.6896,
    139.7006
  ],
  "odakyu:新宿": [
    35.6896,
    139.7006
  ],
  "odakyu:成城学園前": [
    35.6399444,
    139.5984426
  ],
  "tozai:飯田橋": [
    35.7031331,
    139.7457081
  ],
  "tozai:早稲田": [
    35.7058028,
    139.721191
  ],
  "odakyu:下北沢": [
    35.6615657,
    139.6670604
  ]
}
